"parameter","mean","sd","median","Q1","Q3","n","shapiro_pvalue"
"auc",1.23210369386738,0.385719206541156,1.18580171117917,0.983681499508333,1.55659093977688,12,0.406163691388921
"k",0.759855171241811,0.16772422557498,0.744557829232147,0.717481527718853,0.768648471399932,12,0.00231546716402189
"t12",0.945546161749328,0.174044787814072,0.930984595786572,0.901794748398079,0.966091582503245,12,0.0599254892418677
"Cl",12.6351773215024,7.05177988932535,11.3026817647705,8.87362334558953,13.0584267392006,12,0.000229849024620328
"V",16.1298721812687,4.96046027003595,15.9326994756979,11.8579559207756,18.6572045773894,12,0.421942634901982
