"parameter","mean","sd","median","Q1","Q3","n","shapiro_pvalue"
"auc",0.00576223605045139,0.002424791519214,0.0056960826650625,0.0036493407614375,0.00671405851469791,12,0.204388157005406
"k",2.04271746980324,1.50375163143138,1.4967240117749,1.17156560976453,2.57884194616804,12,0.0345020467208673
"t12",0.545071162044663,0.398924682569167,0.465057612230727,0.272184603738461,0.595945409219016,12,0.0398917241660718
"Cl",481.133274615192,262.6645334725,407.856018669102,265.168984480308,627.401362432134,12,0.0601391825181211
"V",414.483937731806,394.640814374629,257.736845692766,147.293950896163,588.145413300529,12,0.0363518064821417
