"parameter","mean","sd","median","Q1","Q3","n","shapiro_pvalue"
"auc",1.04784702408122,0.467803723447666,1.01581697567542,0.745621290512709,1.28021357132292,12,0.250256346041919
"k",0.543094222177015,0.230017072197111,0.476364981826539,0.406630025677668,0.622410613294876,12,0.473808582502667
"t12",1.50682205926036,0.678842786677332,1.45701391422718,1.11763944785538,1.71033154185903,12,0.15108392908579
"Cl",20.0478538691846,11.2687185032663,18.2911923661855,13.5589048520269,22.3084929261309,12,0.00121864936729388
"V",45.7172533994441,33.5882935833697,36.5307102862237,24.4030708013328,55.132702260827,12,0.0311641168949127
